song_id,song_title,song_release_date,song_release_year,song_release_month,song_release_day,apple_music_player_url
2145913,Antidote,2015-06-23,2015,6,23,https://genius.com/songs/2145913/apple_music_player
703732,Company,2015-02-13,2015,2,13,https://genius.com/songs/703732/apple_music_player
2973484,No Favors,2017-02-03,2017,2,3,https://genius.com/songs/2973484/apple_music_player
685070,Used To,2015-02-13,2015,2,13,https://genius.com/songs/685070/apple_music_player
3876999,CAN'T SAY,2018-08-03,2018,8,3,https://genius.com/songs/3876999/apple_music_player
731783,Bitch Better Have My Money,2015-03-26,2015,3,26,https://genius.com/songs/731783/apple_music_player
2290813,90210,2015-09-02,2015,9,2,https://genius.com/songs/2290813/apple_music_player
703429,All Your Fault,2015-02-24,2015,2,24,https://genius.com/songs/703429/apple_music_player
3876996,NO BYSTANDERS,2018-08-03,2018,8,3,https://genius.com/songs/3876996/apple_music_player
2826952,​the ends,2016-09-02,2016,9,2,https://genius.com/songs/2826952/apple_music_player
182405,Crown,2013-07-04,2013,7,4,https://genius.com/songs/182405/apple_music_player
2849772,​sweet sweet,2016-09-02,2016,9,2,https://genius.com/songs/2849772/apple_music_player
499855,Days Before Rodeo: The Prayer,2014-08-18,2014,8,18,https://genius.com/songs/499855/apple_music_player
3209331,Feelings Mutual,2017-08-25,2017,8,25,https://genius.com/songs/3209331/apple_music_player
3209336,How to Talk,2017-08-25,2017,8,25,https://genius.com/songs/3209336/apple_music_player
153015,Uptown,2013-05-21,2013,5,21,https://genius.com/songs/153015/apple_music_player
2888831,Money Man,2016-10-21,2016,10,21,https://genius.com/songs/2888831/apple_music_player
2456827,Scott and Ramona,2016-04-15,2016,4,15,https://genius.com/songs/2456827/apple_music_player
2894281,RERUN,2018-10-11,2018,10,11,https://genius.com/songs/2894281/apple_music_player
206132,Teen Spirit,2013-08-15,2013,8,15,https://genius.com/songs/206132/apple_music_player
724284,Never Catch Me,2015-09-04,2015,9,4,https://genius.com/songs/724284/apple_music_player
3209338,Malfunction,2017-08-25,2017,8,25,https://genius.com/songs/3209338/apple_music_player
691607,High Fashion,2015-01-27,2015,1,27,https://genius.com/songs/691607/apple_music_player
3097951,Blowing Smoke,2017-05-26,2017,5,26,https://genius.com/songs/3097951/apple_music_player
2938694,I Decided. [Tracklist + Album Art],2017-02-03,2017,2,3,https://genius.com/songs/2938694/apple_music_player
1862903,Freaky,2015-09-16,2015,9,16,https://genius.com/songs/1862903/apple_music_player
146977,Trouble,,,,,https://genius.com/songs/146977/apple_music_player
3097975,Money Problems / Benz Truck,2017-05-26,2017,5,26,https://genius.com/songs/3097975/apple_music_player
3138028,Hasta Luego,2017-06-29,2017,6,29,https://genius.com/songs/3138028/apple_music_player
2893569,Braille,2016-10-27,2016,10,27,https://genius.com/songs/2893569/apple_music_player
3563908,Doomsday,2018-03-06,2018,3,6,https://genius.com/songs/3563908/apple_music_player
2829210,Hot Sauce,2016-09-02,2016,9,2,https://genius.com/songs/2829210/apple_music_player
2297764,I'm Good,2015-09-05,2015,9,5,https://genius.com/songs/2297764/apple_music_player
148152,God Level,,,,,https://genius.com/songs/148152/apple_music_player
3553770,Too Gone,2018-03-30,2018,3,30,https://genius.com/songs/3553770/apple_music_player
3768792,Get Geeked,2018-11-30,2018,11,30,https://genius.com/songs/3768792/apple_music_player
3952657,ANTI EVERYBODY,2018-09-14,2018,9,14,https://genius.com/songs/3952657/apple_music_player
3060692,Lady in Yellow,2017-05-26,2017,5,26,https://genius.com/songs/3060692/apple_music_player
2360995,I Ain't Fukin Wit Cha,2015-12-14,2015,12,14,https://genius.com/songs/2360995/apple_music_player
3599119,Holding It Down,2018-03-23,2018,3,23,https://genius.com/songs/3599119/apple_music_player
3563911,Pray For Me,2018-03-06,2018,3,6,https://genius.com/songs/3563911/apple_music_player
4057985,One Mo' Gen,2018-11-16,2018,11,16,https://genius.com/songs/4057985/apple_music_player
2841499,No Limit (G-Mix),2016-08-19,2016,8,19,https://genius.com/songs/2841499/apple_music_player
2320127,Antidote (Remix),2015-09-30,2015,9,30,https://genius.com/songs/2320127/apple_music_player
3563909,Never Let Up,2018-03-06,2018,3,6,https://genius.com/songs/3563909/apple_music_player
704657,Used To (Remix),2015-02-13,2015,2,13,https://genius.com/songs/704657/apple_music_player
1868916,Odd Future,2016-01-29,2016,1,29,https://genius.com/songs/1868916/apple_music_player
3952654,CHUPACABRA,2018-09-14,2018,9,14,https://genius.com/songs/3952654/apple_music_player
2456846,Lil Uzi Vert Vs The World [Album Art + Tracklist],2016-04-15,2016,4,15,https://genius.com/songs/2456846/apple_music_player
3305185,Give N Go,2017-11-07,2017,11,7,https://genius.com/songs/3305185/apple_music_player
212567,Full Moon,,,,,https://genius.com/songs/212567/apple_music_player
3998879,Never Lost,2018-10-05,2018,10,5,https://genius.com/songs/3998879/apple_music_player
2855626,The Ends (Demo),2016-09-10,2016,9,10,https://genius.com/songs/2855626/apple_music_player
3573459,HELLRAISER,2018-09-14,2018,9,14,https://genius.com/songs/3573459/apple_music_player
4029607,Antares,2018-11-02,2018,11,2,https://genius.com/songs/4029607/apple_music_player
3952658,EARNED IT,2018-09-14,2018,9,14,https://genius.com/songs/3952658/apple_music_player
3040290,Ready,2017-04-03,2017,4,3,https://genius.com/songs/3040290/apple_music_player
3952660,BEAUTIFUL PT. 2,2018-09-14,2018,9,14,https://genius.com/songs/3952660/apple_music_player
3849622,Allegiance,2018-07-19,2018,7,19,https://genius.com/songs/3849622/apple_music_player
3076632,Jo Bros,2017-05-05,2017,5,5,https://genius.com/songs/3076632/apple_music_player
3059601,Who That*,,2017,None,None,https://genius.com/songs/3059601/apple_music_player
4164335,Gamble,2018-12-16,2018,12,16,https://genius.com/songs/4164335/apple_music_player
212569,Evacuation,,,,,https://genius.com/songs/212569/apple_music_player
2974583,EGO,2017-02-03,2017,2,3,https://genius.com/songs/2974583/apple_music_player
2947542,Kill My Mind,2016-04-19,2016,4,19,https://genius.com/songs/2947542/apple_music_player
3042838,Feelings Mutual (Snippet),2017-08-25,2017,8,25,https://genius.com/songs/3042838/apple_music_player
2935372,Bad To The Bone,2016-12-16,2016,12,16,https://genius.com/songs/2935372/apple_music_player
2477079,Pop Up*,,,,,https://genius.com/songs/2477079/apple_music_player
3341882,Southern Comfort,2017-11-30,2017,11,30,https://genius.com/songs/3341882/apple_music_player
482783,New New,2014-09-25,2014,9,25,https://genius.com/songs/482783/apple_music_player
3663237,End Like That,2018-11-09,2018,11,9,https://genius.com/songs/3663237/apple_music_player
3403916,Young Wild Dead Niggas*,,2018,9,None,https://genius.com/songs/3403916/apple_music_player
4029839,We Alive,2018-11-02,2018,11,2,https://genius.com/songs/4029839/apple_music_player
2353881,Never Catch Me (Original Version),,,,,https://genius.com/songs/2353881/apple_music_player
657085,Prestige,2014-09-10,2014,9,10,https://genius.com/songs/657085/apple_music_player
2920010,Joy Ride,2016-07-08,2016,7,8,https://genius.com/songs/2920010/apple_music_player
3154970,Jealous,2017-07-12,2017,7,12,https://genius.com/songs/3154970/apple_music_player
2911420,Daughter (Hailey-Nirvana),2017-02-05,2017,2,5,https://genius.com/songs/2911420/apple_music_player
3684866,First Night,2018-05-04,2018,5,4,https://genius.com/songs/3684866/apple_music_player
3186091,Hot Sauce,2017-08-05,2017,8,5,https://genius.com/songs/3186091/apple_music_player
2968745,Black Sheep Nirvana,2017-02-05,2017,2,5,https://genius.com/songs/2968745/apple_music_player
3863890,VVS,2018-07-27,2018,7,27,https://genius.com/songs/3863890/apple_music_player
2847659,Savage (Freestyle),2015-12-22,2015,12,22,https://genius.com/songs/2847659/apple_music_player
2454959,(Off the) Deep End,2016-04-07,2016,4,7,https://genius.com/songs/2454959/apple_music_player
2926084,Moonwalking,2016-12-06,2016,12,6,https://genius.com/songs/2926084/apple_music_player
2835169,God / Guard Up,2016-04-06,2016,4,6,https://genius.com/songs/2835169/apple_music_player
2914023,Win,2016-11-15,2016,11,15,https://genius.com/songs/2914023/apple_music_player
3182618,Gold,2017-08-02,2017,8,2,https://genius.com/songs/3182618/apple_music_player
3341883,West Hollywood Truths,2017-11-30,2017,11,30,https://genius.com/songs/3341883/apple_music_player
3031239,My Way,2017-03-08,2017,3,8,https://genius.com/songs/3031239/apple_music_player
2968729,Sins of the Father (100 Bitches),2017-02-05,2017,2,5,https://genius.com/songs/2968729/apple_music_player
3221707,유혹 (Temptation),2017-09-03,2017,9,3,https://genius.com/songs/3221707/apple_music_player
2968757,Redway's Song,2017-02-05,2017,2,5,https://genius.com/songs/2968757/apple_music_player
508116,Days Before Searching Sylvan,2014-08-28,2014,8,28,https://genius.com/songs/508116/apple_music_player
2424626,Above The Rim,2016-02-14,2016,2,14,https://genius.com/songs/2424626/apple_music_player
1905130,This Ain't 2012,2015-05-25,2015,5,25,https://genius.com/songs/1905130/apple_music_player
3045150,Steve Harvey / Family Feud,2017-04-04,2017,4,4,https://genius.com/songs/3045150/apple_music_player
2452701,Bring the Noise,2016-04-08,2016,4,8,https://genius.com/songs/2452701/apple_music_player
607147,Why Love,2014-06-01,2014,6,1,https://genius.com/songs/607147/apple_music_player
2035171,Halfway There,2015-06-08,2015,6,8,https://genius.com/songs/2035171/apple_music_player
603123,YKTO (You Know The Ones),2014-08-19,2014,8,19,https://genius.com/songs/603123/apple_music_player
3875940,Girls Like You (WondaGurl Remix),2018-08-02,2018,8,2,https://genius.com/songs/3875940/apple_music_player
604553,On Fire,,,,,https://genius.com/songs/604553/apple_music_player
3943739,ENERGIZED !,2018-09-06,2018,9,6,https://genius.com/songs/3943739/apple_music_player
3041080,Intro (Bleeding Bull),2017-03-29,2017,3,29,https://genius.com/songs/3041080/apple_music_player
603129,Rollie,2014-08-19,2014,8,19,https://genius.com/songs/603129/apple_music_player
2872598,EA$Y TAVEN - The Ends Remix,2016-10-03,2016,10,3,https://genius.com/songs/2872598/apple_music_player
3494498,Pt. I / I Won't Play,2018-02-02,2018,2,2,https://genius.com/songs/3494498/apple_music_player
543066,King of Suburbia,2014-12-21,2014,12,21,https://genius.com/songs/543066/apple_music_player
2420461,A.L.A.,2016-02-09,2016,2,9,https://genius.com/songs/2420461/apple_music_player
2877505,Hot Sauce Remix,2016-10-09,2016,10,9,https://genius.com/songs/2877505/apple_music_player
488196,Right Now,2014-08-19,2014,8,19,https://genius.com/songs/488196/apple_music_player
2963297,Freedahm Freeverse,2016-05-14,2016,5,14,https://genius.com/songs/2963297/apple_music_player
4172262,Get Geeked (Remix),,2019,None,None,https://genius.com/songs/4172262/apple_music_player
4208289,MONSTERS LIVE AT NIGHT,2019-01-04,2019,1,4,https://genius.com/songs/4208289/apple_music_player
3759068,Make Way,2018-06-02,2018,6,2,https://genius.com/songs/3759068/apple_music_player
3494387,Wake Up,2017-12-21,2017,12,21,https://genius.com/songs/3494387/apple_music_player
2250561,All the Money,2015-04-10,2015,4,10,https://genius.com/songs/2250561/apple_music_player
3959448,Лизинг (Leasing),2018-09-15,2018,9,15,https://genius.com/songs/3959448/apple_music_player
3655612,Antidote (Remix),2015-07-03,2015,7,3,https://genius.com/songs/3655612/apple_music_player
4229878,500 HORSES,2019-01-14,2019,1,14,https://genius.com/songs/4229878/apple_music_player
3032134,40 Lower River,2016-04-11,2016,4,11,https://genius.com/songs/3032134/apple_music_player
604527,Live It,2014-08-19,2014,8,19,https://genius.com/songs/604527/apple_music_player
3903069,Deeper,2018-11-16,2018,11,16,https://genius.com/songs/3903069/apple_music_player
3988911,Pivot,2018-10-01,2018,10,1,https://genius.com/songs/3988911/apple_music_player
2378743,Allah- Wolf In Sheeps Clothing (Intro),2015-11-27,2015,11,27,https://genius.com/songs/2378743/apple_music_player
2448982,Catvan Esper Ft. Mawthra,2016-04-01,2016,4,1,https://genius.com/songs/2448982/apple_music_player
3031930,FLOOD,2016-05-15,2016,5,15,https://genius.com/songs/3031930/apple_music_player
3143073,Talk To,2017-07-03,2017,7,3,https://genius.com/songs/3143073/apple_music_player
2929436,Escondido Freestyle,2016-04-12,2016,4,12,https://genius.com/songs/2929436/apple_music_player
3834060,SMYF,2018-07-12,2018,7,12,https://genius.com/songs/3834060/apple_music_player
522528,Holy Purpsday / Lost Swayze,2014-09-20,2014,9,20,https://genius.com/songs/522528/apple_music_player
4229876,EXCUSE ME,2019-01-14,2019,1,14,https://genius.com/songs/4229876/apple_music_player
2480686,Used 2,,,,,https://genius.com/songs/2480686/apple_music_player
3903067,Geez, Wait!,2018-11-16,2018,11,16,https://genius.com/songs/3903067/apple_music_player
506743,How I Feel,,,,,https://genius.com/songs/506743/apple_music_player
3051870,Do You,2017-01-01,2017,1,1,https://genius.com/songs/3051870/apple_music_player
3720669,Area 51,,,,,https://genius.com/songs/3720669/apple_music_player
4229877,SHOCKWAVE,2019-01-14,2019,1,14,https://genius.com/songs/4229877/apple_music_player
3528745,Life Outro,2017-01-07,2017,1,7,https://genius.com/songs/3528745/apple_music_player
3528828,Get Everything You Came for,2015-06-08,2015,6,8,https://genius.com/songs/3528828/apple_music_player
604532,Years Ahead,2014-08-19,2014,8,19,https://genius.com/songs/604532/apple_music_player
3528783,Keep Away,2016-03-11,2016,3,11,https://genius.com/songs/3528783/apple_music_player
604558,Bow,2014-08-19,2014,8,19,https://genius.com/songs/604558/apple_music_player
2450101,Max B,,,,,https://genius.com/songs/2450101/apple_music_player
4081126,Sticks,,,,,https://genius.com/songs/4081126/apple_music_player
3532991,Idk, What's Going On,2018-03-01,2018,3,1,https://genius.com/songs/3532991/apple_music_player
3097242,Chasing,2017-05-14,2017,5,14,https://genius.com/songs/3097242/apple_music_player
3161293,NoHoeSaving*,2017-07-15,2017,7,15,https://genius.com/songs/3161293/apple_music_player
504331,SZA - Teen Spirit (Feat. NoblessE),2014-08-24,2014,8,24,https://genius.com/songs/504331/apple_music_player
4181054,The Sequence,2018-11-05,2018,11,5,https://genius.com/songs/4181054/apple_music_player
3904469,Last Night,2018-05-11,2018,5,11,https://genius.com/songs/3904469/apple_music_player
3606317,Who’s With You,2017-06-26,2017,6,26,https://genius.com/songs/3606317/apple_music_player
3888560,Yukon Flow,2018-08-07,2018,8,7,https://genius.com/songs/3888560/apple_music_player
1800395,Used To,,,,,https://genius.com/songs/1800395/apple_music_player
4272803,Bad Guy,2019-01-29,2019,1,29,https://genius.com/songs/4272803/apple_music_player
4067211,Ephemeral [Tracklist + Album Art],2018-09-15,2018,9,15,https://genius.com/songs/4067211/apple_music_player
3905861,Killmonger (WondaGurl Remix),,,,,https://genius.com/songs/3905861/apple_music_player
2855975,Rome,2016-09-10,2016,9,10,https://genius.com/songs/2855975/apple_music_player
4229879,DARK LIT,2019-01-14,2019,1,14,https://genius.com/songs/4229879/apple_music_player
4039019,Hat verloreny,2018-10-23,2018,10,23,https://genius.com/songs/4039019/apple_music_player
2379436,Wolf In Sheeps Clothing (INTRO),2015-11-27,2015,11,27,https://genius.com/songs/2379436/apple_music_player
3159509,Bands,2018-02-09,2018,2,9,https://genius.com/songs/3159509/apple_music_player
4162480,No Favors (Remix),2018-11-21,2018,11,21,https://genius.com/songs/4162480/apple_music_player
4224407,You Know,2019-01-10,2019,1,10,https://genius.com/songs/4224407/apple_music_player
4277941,Balance,2018-05-15,2018,5,15,https://genius.com/songs/4277941/apple_music_player
599451,Love Yourz,2014-12-09,2014,12,9,https://genius.com/songs/599451/apple_music_player
3542151,44 More,2018-02-23,2018,2,23,https://genius.com/songs/3542151/apple_music_player
703755,You & The 6,2015-02-13,2015,2,13,https://genius.com/songs/703755/apple_music_player
3487546,X,2018-02-09,2018,2,9,https://genius.com/songs/3487546/apple_music_player
87430,The Morning,2012-09-14,2012,9,14,https://genius.com/songs/87430/apple_music_player
3807754,Blue Tint,2018-06-29,2018,6,29,https://genius.com/songs/3807754/apple_music_player
3786538,HEARD ABOUT US,2018-06-16,2018,6,16,https://genius.com/songs/3786538/apple_music_player
3643002,Hard White,2018-08-10,2018,8,10,https://genius.com/songs/3643002/apple_music_player
2973338,Shot Down,2017-02-03,2017,2,3,https://genius.com/songs/2973338/apple_music_player
3386843,Huncho Jack,2017-12-22,2017,12,22,https://genius.com/songs/3386843/apple_music_player
3386847,Saint,2017-12-22,2017,12,22,https://genius.com/songs/3386847/apple_music_player
3782528,Bigger Than You,2018-06-15,2018,6,15,https://genius.com/songs/3782528/apple_music_player
2903023,You're Welcome,2016-11-18,2016,11,18,https://genius.com/songs/2903023/apple_music_player
2899246,Wrote My Way Out,2016-11-17,2016,11,17,https://genius.com/songs/2899246/apple_music_player
2175733,Oh Well,2015-07-13,2015,7,13,https://genius.com/songs/2175733/apple_music_player
3209335,Pretty Mami,2017-08-25,2017,8,25,https://genius.com/songs/3209335/apple_music_player
101276,GOOD Morning,2012-12-04,2012,12,4,https://genius.com/songs/101276/apple_music_player
2275965,Uncomfortable,2015-09-18,2015,9,18,https://genius.com/songs/2275965/apple_music_player
3082387,Undefeated,2017-09-29,2017,9,29,https://genius.com/songs/3082387/apple_music_player
2989253,Zoom,2017-02-17,2017,2,17,https://genius.com/songs/2989253/apple_music_player
118894,Fame Is For Assholes,2013-01-01,2013,1,1,https://genius.com/songs/118894/apple_music_player
3285909,SWITCH IT UP | ZWITCH 1T UP,2018-07-26,2018,7,26,https://genius.com/songs/3285909/apple_music_player
448558,Nolan Ryan,2014-06-11,2014,6,11,https://genius.com/songs/448558/apple_music_player
117402,Cake Boy,2013-02-11,2013,2,11,https://genius.com/songs/117402/apple_music_player
3097979,Before You Judge,2017-05-26,2017,5,26,https://genius.com/songs/3097979/apple_music_player
3097975,Money Problems / Benz Truck,2017-05-26,2017,5,26,https://genius.com/songs/3097975/apple_music_player
2468643,Weight of the World,2016-06-10,2016,6,10,https://genius.com/songs/2468643/apple_music_player
3098398,Never Lose,2017-07-21,2017,7,21,https://genius.com/songs/3098398/apple_music_player
2275997,Desperados,2015-09-18,2015,9,18,https://genius.com/songs/2275997/apple_music_player
255983,Em360 Rapcity Backroom Freestyle,2013-11-06,2013,11,6,https://genius.com/songs/255983/apple_music_player
2213945,Know That's Right,2015-09-10,2015,9,10,https://genius.com/songs/2213945/apple_music_player
519847,People Keep Talking,2014-10-14,2014,10,14,https://genius.com/songs/519847/apple_music_player
2276001,Vendetta,2015-09-18,2015,9,18,https://genius.com/songs/2276001/apple_music_player
2275995,Uptown,2015-09-18,2015,9,18,https://genius.com/songs/2275995/apple_music_player
2275998,Hear My Heart,2015-08-21,2015,8,21,https://genius.com/songs/2275998/apple_music_player
2899370,Who Tells Your Story,2016-12-02,2016,12,2,https://genius.com/songs/2899370/apple_music_player
2276000,Rat Race,2015-09-18,2015,9,18,https://genius.com/songs/2276000/apple_music_player
278227,Stunt,2013-11-26,2013,11,26,https://genius.com/songs/278227/apple_music_player
519846,100 Percent of Something,2014-10-14,2014,10,14,https://genius.com/songs/519846/apple_music_player
3554731,I.C.W.N.T. (Freestyle),2018-02-28,2018,2,28,https://genius.com/songs/3554731/apple_music_player
2276003,Ghost,2015-09-18,2015,9,18,https://genius.com/songs/2276003/apple_music_player
3197969,Normale Leute,2017-08-25,2017,8,25,https://genius.com/songs/3197969/apple_music_player
212566,Lay Down,,,,,https://genius.com/songs/212566/apple_music_player
2276008,Make Me a Believer,2015-09-18,2015,9,18,https://genius.com/songs/2276008/apple_music_player
2384118,On Everything,2015-12-09,2015,12,9,https://genius.com/songs/2384118/apple_music_player
3057589,2 Step,2017-04-17,2017,4,17,https://genius.com/songs/3057589/apple_music_player
76134,All His Love,2012-01-01,2012,1,1,https://genius.com/songs/76134/apple_music_player
109629,Smoke & Mirrors,2013-08-18,2013,8,18,https://genius.com/songs/109629/apple_music_player
3141287,LEGEND,2017-08-04,2017,8,4,https://genius.com/songs/3141287/apple_music_player
3598087,Stay Woke,2018-04-13,2018,4,13,https://genius.com/songs/3598087/apple_music_player
278200,Black Water,2013-11-26,2013,11,26,https://genius.com/songs/278200/apple_music_player
3156703,Sin Filtro,2017-07-21,2017,7,21,https://genius.com/songs/3156703/apple_music_player
157557,Same As Before,2013-08-13,2013,8,13,https://genius.com/songs/157557/apple_music_player
2276004,Love,2015-09-18,2015,9,18,https://genius.com/songs/2276004/apple_music_player
435072,Illmind Interlude,2014-05-21,2014,5,21,https://genius.com/songs/435072/apple_music_player
2275999,David's Roof,2015-09-18,2015,9,18,https://genius.com/songs/2275999/apple_music_player
2923049,Clouds,2016-12-09,2016,12,9,https://genius.com/songs/2923049/apple_music_player
3468351,Wrote My Way Out (Remix),2018-01-26,2018,1,26,https://genius.com/songs/3468351/apple_music_player
212568,Only The Lonely,,,,,https://genius.com/songs/212568/apple_music_player
3059870,Coachella,2017-04-19,2017,4,19,https://genius.com/songs/3059870/apple_music_player
3885220,Friday,2018-08-08,2018,8,8,https://genius.com/songs/3885220/apple_music_player
2850203,Ah Man,2016-09-03,2016,9,3,https://genius.com/songs/2850203/apple_music_player
81817,Charlie Brown,,,,,https://genius.com/songs/81817/apple_music_player
112955,Re-up Gang Motivation,2013-01-28,2013,1,28,https://genius.com/songs/112955/apple_music_player
745022,Look Around Me,2015-04-05,2015,4,5,https://genius.com/songs/745022/apple_music_player
113149,Carnival of Venice,2013-01-01,2013,1,1,https://genius.com/songs/113149/apple_music_player
2899289,Take A Break (Interlude),2016-12-02,2016,12,2,https://genius.com/songs/2899289/apple_music_player
2861089,Locals,2016-09-14,2016,9,14,https://genius.com/songs/2861089/apple_music_player
4000492,How Dat Sound,2018-10-05,2018,10,5,https://genius.com/songs/4000492/apple_music_player
2276006,Strange Motions,2015-09-18,2015,9,18,https://genius.com/songs/2276006/apple_music_player
378893,Say Something,2014-03-12,2014,3,12,https://genius.com/songs/378893/apple_music_player
60456,Stop Crying,2011-12-09,2011,12,9,https://genius.com/songs/60456/apple_music_player
3436218,Thank You,2018-01-16,2018,1,16,https://genius.com/songs/3436218/apple_music_player
90509,Dreams In A Basement,2012-10-02,2012,10,2,https://genius.com/songs/90509/apple_music_player
453804,House Slippers,2014-05-14,2014,5,14,https://genius.com/songs/453804/apple_music_player
684873,Love Yourz (Remix),2015-01-11,2015,1,11,https://genius.com/songs/684873/apple_music_player
2863769,WWJD,2015-04-05,2015,4,5,https://genius.com/songs/2863769/apple_music_player
3290876,TV,2017-10-27,2017,10,27,https://genius.com/songs/3290876/apple_music_player
714120,Boy Boy,2015-03-03,2015,3,3,https://genius.com/songs/714120/apple_music_player
730424,Charge It to the Rap Game,2015-03-31,2015,3,31,https://genius.com/songs/730424/apple_music_player
2105011,Latino Pt. 2,2015-06-09,2015,6,9,https://genius.com/songs/2105011/apple_music_player
22423,Everything Is Heltah Skeltah,2008-09-30,2008,9,30,https://genius.com/songs/22423/apple_music_player
86541,One Good Thing,2012-06-26,2012,6,26,https://genius.com/songs/86541/apple_music_player
212571,Bad Chicks,,,,,https://genius.com/songs/212571/apple_music_player
730820,Lyrical Healing,2015-03-31,2015,3,31,https://genius.com/songs/730820/apple_music_player
2159421,Lil' Piggies,2015-06-30,2015,6,30,https://genius.com/songs/2159421/apple_music_player
3433031,No Challenge,2018-01-14,2018,1,14,https://genius.com/songs/3433031/apple_music_player
42505,Frisbees,,2010,7,None,https://genius.com/songs/42505/apple_music_player
2473096,Skies,2016-03-31,2016,3,31,https://genius.com/songs/2473096/apple_music_player
3163286,Never Too Late,2017-06-29,2017,6,29,https://genius.com/songs/3163286/apple_music_player
90513,Pockets Full,2012-10-02,2012,10,2,https://genius.com/songs/90513/apple_music_player
2165062,Who Wears The Crown,,,,,https://genius.com/songs/2165062/apple_music_player
28818,That Ain't Love,2007-10-23,2007,10,23,https://genius.com/songs/28818/apple_music_player
7778,Remind My Soul,,,,,https://genius.com/songs/7778/apple_music_player
42509,Dear Whoever,,,,,https://genius.com/songs/42509/apple_music_player
5661,Good Clothes,2007-10-09,2007,10,9,https://genius.com/songs/5661/apple_music_player
240200,Triple Darkness,2013-10-18,2013,10,18,https://genius.com/songs/240200/apple_music_player
408324,Murdera,2014-01-01,2014,1,1,https://genius.com/songs/408324/apple_music_player
2249572,I Just Might,2015-07-17,2015,7,17,https://genius.com/songs/2249572/apple_music_player
89981,Glass Ceilings,2012-10-02,2012,10,2,https://genius.com/songs/89981/apple_music_player
2249616,Bad Santa,2015-07-17,2015,7,17,https://genius.com/songs/2249616/apple_music_player
2249559,New Era,2015-07-17,2015,7,17,https://genius.com/songs/2249559/apple_music_player
28812,Can't Win For Losing,2007-10-23,2007,10,23,https://genius.com/songs/28812/apple_music_player
3584260,44 More Remix,2018-03-15,2018,3,15,https://genius.com/songs/3584260/apple_music_player
90516,Drew & Derwin,2012-10-02,2012,10,2,https://genius.com/songs/90516/apple_music_player
3154009,Rap Millionaire,2017-05-05,2017,5,5,https://genius.com/songs/3154009/apple_music_player
55095,Rocket Science,2012-01-01,2012,1,1,https://genius.com/songs/55095/apple_music_player
2249595,Six Fo',2015-07-17,2015,7,17,https://genius.com/songs/2249595/apple_music_player
27092,Survival Skills,2009-09-15,2009,9,15,https://genius.com/songs/27092/apple_music_player
436966,Dirt,2014-04-01,2014,4,1,https://genius.com/songs/436966/apple_music_player
41180,Cardiac,2007-01-30,2007,1,30,https://genius.com/songs/41180/apple_music_player
3430693,Sound Like...,2018-02-02,2018,2,2,https://genius.com/songs/3430693/apple_music_player
3430699,The Purpose,2018-02-02,2018,2,2,https://genius.com/songs/3430699/apple_music_player
353514,He's Against Me,2014-02-03,2014,2,3,https://genius.com/songs/353514/apple_music_player
2175696,Hallelujah,2015-07-13,2015,7,13,https://genius.com/songs/2175696/apple_music_player
3430701,Black Sambo,2018-02-02,2018,2,2,https://genius.com/songs/3430701/apple_music_player
2924593,#Ham4Ham: The Hamilton Mixtape Performance,2016-12-01,2016,12,1,https://genius.com/songs/2924593/apple_music_player
89441,Give It Up,2012-09-16,2012,9,16,https://genius.com/songs/89441/apple_music_player
28778,Can't Let Her,,2006,None,None,https://genius.com/songs/28778/apple_music_player
3165685,Finesse Everything,2017-07-11,2017,7,11,https://genius.com/songs/3165685/apple_music_player
3002596,Fantas,2015-07-07,2015,7,7,https://genius.com/songs/3002596/apple_music_player
43864,Rise,2006-07-25,2006,7,25,https://genius.com/songs/43864/apple_music_player
2249617,Human (Outro),2015-07-17,2015,7,17,https://genius.com/songs/2249617/apple_music_player
204067,Mezcal,,,,,https://genius.com/songs/204067/apple_music_player
2249588,My Niggas,2015-07-17,2015,7,17,https://genius.com/songs/2249588/apple_music_player
2882040,Big Brother,2016-10-14,2016,10,14,https://genius.com/songs/2882040/apple_music_player
3430695,Crown Holder,2018-02-02,2018,2,2,https://genius.com/songs/3430695/apple_music_player
328285,March,2014-01-02,2014,1,2,https://genius.com/songs/328285/apple_music_player
96652,When I Pop The Trunk,2012-05-22,2012,5,22,https://genius.com/songs/96652/apple_music_player
2249609,Who Woulda' Knew,2015-07-17,2015,7,17,https://genius.com/songs/2249609/apple_music_player
73454,Kill Me,2012-06-26,2012,6,26,https://genius.com/songs/73454/apple_music_player
2940635,Pistol Whipped,,,,,https://genius.com/songs/2940635/apple_music_player
1930105,Everything's For Sale,2015-06-23,2015,6,23,https://genius.com/songs/1930105/apple_music_player
28794,Nobody Like Me,2005-06-06,2005,6,6,https://genius.com/songs/28794/apple_music_player
331038,Po Po Comin,,,,,https://genius.com/songs/331038/apple_music_player
1930119,Playing Favorites,2015-06-23,2015,6,23,https://genius.com/songs/1930119/apple_music_player
3243354,NāVí,2017-09-18,2017,9,18,https://genius.com/songs/3243354/apple_music_player
519633,Dream On,2014-09-16,2014,9,16,https://genius.com/songs/519633/apple_music_player
41514,Who Are They,2008-12-02,2008,12,2,https://genius.com/songs/41514/apple_music_player
22429,So Damn Tuff,2008-09-30,2008,9,30,https://genius.com/songs/22429/apple_music_player
3430702,Parks & Recreation,2018-02-02,2018,2,2,https://genius.com/songs/3430702/apple_music_player
76256,Test Drive,2011-06-07,2011,6,7,https://genius.com/songs/76256/apple_music_player
331039,Snake Charmer,,,,,https://genius.com/songs/331039/apple_music_player
154055,Lean On Em,,,,,https://genius.com/songs/154055/apple_music_player
2935208,12 Days of Christmas,2016-12-17,2016,12,17,https://genius.com/songs/2935208/apple_music_player
282591,Cease & Desist,2013-01-01,2013,1,1,https://genius.com/songs/282591/apple_music_player
406570,Check the Credits,2014-04-01,2014,4,1,https://genius.com/songs/406570/apple_music_player
2165374,Stupidest Kind Of Love,2015-07-04,2015,7,4,https://genius.com/songs/2165374/apple_music_player
1930141,Asking Bodie For A Package,2015-06-23,2015,6,23,https://genius.com/songs/1930141/apple_music_player
203018,IM ROLLING,,,,,https://genius.com/songs/203018/apple_music_player
439702,Like This,,,,,https://genius.com/songs/439702/apple_music_player
209029,New Illuminati,,,,,https://genius.com/songs/209029/apple_music_player
27098,We Made It,2009-09-15,2009,9,15,https://genius.com/songs/27098/apple_music_player
2439841,Hangover,2016-03-15,2016,3,15,https://genius.com/songs/2439841/apple_music_player
683465,Gimme All That,2014-04-01,2014,4,1,https://genius.com/songs/683465/apple_music_player
2249600,Light a L,2015-07-17,2015,7,17,https://genius.com/songs/2249600/apple_music_player
203796,The Broke Song,,,,,https://genius.com/songs/203796/apple_music_player
103235,October 10th,,,,,https://genius.com/songs/103235/apple_music_player
2505520,You (The Only Ones),2006-07-25,2006,7,25,https://genius.com/songs/2505520/apple_music_player
51307,Champion,,,,,https://genius.com/songs/51307/apple_music_player
28817,Sirens,2007-10-23,2007,10,23,https://genius.com/songs/28817/apple_music_player
3165689,Let It Fly,2017-07-21,2017,7,21,https://genius.com/songs/3165689/apple_music_player
92015,I Came To Kill,2012-10-09,2012,10,9,https://genius.com/songs/92015/apple_music_player
331040,Mugshot,,,,,https://genius.com/songs/331040/apple_music_player
42515,Speakers On Blast,2010-10-05,2010,10,5,https://genius.com/songs/42515/apple_music_player
2958024,Commas,,,,,https://genius.com/songs/2958024/apple_music_player
41515,It's Not a Game,2008-12-02,2008,12,2,https://genius.com/songs/41515/apple_music_player
28801,The Beginning,2005-06-06,2005,6,6,https://genius.com/songs/28801/apple_music_player
303259,Clean Up Crew,2009-09-15,2009,9,15,https://genius.com/songs/303259/apple_music_player
560083,Toca Tuesday Freestyle #2,2014-10-28,2014,10,28,https://genius.com/songs/560083/apple_music_player
111713,Krylon,,,,,https://genius.com/songs/111713/apple_music_player
2949861,Dream,2016-07-04,2016,7,4,https://genius.com/songs/2949861/apple_music_player
331057,Sinner,,,,,https://genius.com/songs/331057/apple_music_player
491174,Tunnel Vision,2014-05-27,2014,5,27,https://genius.com/songs/491174/apple_music_player
566548,Better Than,2014-09-16,2014,9,16,https://genius.com/songs/566548/apple_music_player
2249558,Human (Intro),2015-07-17,2015,7,17,https://genius.com/songs/2249558/apple_music_player
96078,Liquor & Sneakers,2012-08-30,2012,8,30,https://genius.com/songs/96078/apple_music_player
173425,Mi Política,2012-09-25,2012,9,25,https://genius.com/songs/173425/apple_music_player
3045174,Fame & Fortune,,,,,https://genius.com/songs/3045174/apple_music_player
2387105,Speed of Light,,2015,12,None,https://genius.com/songs/2387105/apple_music_player
581042,Blue Yankee Fitted,2014-01-01,2014,1,1,https://genius.com/songs/581042/apple_music_player
331063,Whistle,,,,,https://genius.com/songs/331063/apple_music_player
113668,Diablo (Sympathy For The Devil Part II),,,,,https://genius.com/songs/113668/apple_music_player
182837,Psycho Killa,,,,,https://genius.com/songs/182837/apple_music_player
2476250,Change,2006-07-01,2006,7,1,https://genius.com/songs/2476250/apple_music_player
1930135,Civilized Leisure,2015-06-23,2015,6,23,https://genius.com/songs/1930135/apple_music_player
42510,Speakers On Blast (Remix),,,,,https://genius.com/songs/42510/apple_music_player
695040,The Break Up (Friends Turn Into Enemies),2015-01-21,2015,1,21,https://genius.com/songs/695040/apple_music_player
11414,Let's Go,2006-07-18,2006,7,18,https://genius.com/songs/11414/apple_music_player
134110,Get 'Em,2008-09-23,2008,9,23,https://genius.com/songs/134110/apple_music_player
3323022,Pumping,2017-11-17,2017,11,17,https://genius.com/songs/3323022/apple_music_player
13568,The Greatest Warrior,,,,,https://genius.com/songs/13568/apple_music_player
426364,Trouble,2014-04-30,2014,4,30,https://genius.com/songs/426364/apple_music_player
3230517,Noodles Pt. 1,,,,,https://genius.com/songs/3230517/apple_music_player
696343,Saint Dangle,2015-01-29,2015,1,29,https://genius.com/songs/696343/apple_music_player
161542,Quiet For You,,,,,https://genius.com/songs/161542/apple_music_player
28779,Right Here,,2006,None,None,https://genius.com/songs/28779/apple_music_player
4024400,The Cost,2018-10-04,2018,10,4,https://genius.com/songs/4024400/apple_music_player
331062,Double Cross Me 2,,,,,https://genius.com/songs/331062/apple_music_player
331060,Far East Pt. II,,,,,https://genius.com/songs/331060/apple_music_player
2864538,Black Privilege,2016-09-23,2016,9,23,https://genius.com/songs/2864538/apple_music_player
428091,Peace Pipe,2014-05-13,2014,5,13,https://genius.com/songs/428091/apple_music_player
2127384,Get live,2006-07-25,2006,7,25,https://genius.com/songs/2127384/apple_music_player
3083389,Updated Lyrics for Eminem's Part in EM360 Rap City BackRoom,2013-11-06,2013,11,6,https://genius.com/songs/3083389/apple_music_player
44184,Boombox,,,,,https://genius.com/songs/44184/apple_music_player
526243,Traffic Light,2012-06-26,2012,6,26,https://genius.com/songs/526243/apple_music_player
3630478,Moves,2018-04-27,2018,4,27,https://genius.com/songs/3630478/apple_music_player
7746,A to the K,,,,,https://genius.com/songs/7746/apple_music_player
2822876,U Must Be Crazy ft. brandUN Deshay,,,,,https://genius.com/songs/2822876/apple_music_player
2285082,The Burn Notice,2010-10-05,2010,10,5,https://genius.com/songs/2285082/apple_music_player
2818903,First World Problems,,,,,https://genius.com/songs/2818903/apple_music_player
2414668,Cosmos,,,,,https://genius.com/songs/2414668/apple_music_player
579782,Triangle Offense,2014-05-27,2014,5,27,https://genius.com/songs/579782/apple_music_player
378895,Valley Of The Kings,2014-03-04,2014,3,4,https://genius.com/songs/378895/apple_music_player
491341,Like This (Remix),2014-08-06,2014,8,6,https://genius.com/songs/491341/apple_music_player
3659539,Love Yourz (Türkçe Çeviri),2014-12-09,2014,12,9,https://genius.com/songs/3659539/apple_music_player
100182,Langston's Pen,,,,,https://genius.com/songs/100182/apple_music_player
404979,No Conversation,2014-04-10,2014,4,10,https://genius.com/songs/404979/apple_music_player
2974896,Parlay,2017-02-02,2017,2,2,https://genius.com/songs/2974896/apple_music_player
2853669,Talk My Shit,2016-08-09,2016,8,9,https://genius.com/songs/2853669/apple_music_player
3269956,Selda,2017-10-11,2017,10,11,https://genius.com/songs/3269956/apple_music_player
383022,Rise,2014-03-14,2014,3,14,https://genius.com/songs/383022/apple_music_player
113643,Lyrically Inclined,,,,,https://genius.com/songs/113643/apple_music_player
191698,IT WAS ALL A DREAM,,,,,https://genius.com/songs/191698/apple_music_player
113026,Parallels,,,,,https://genius.com/songs/113026/apple_music_player
7755,Kindred,2008-02-19,2008,2,19,https://genius.com/songs/7755/apple_music_player
4024405,Omen,2018-10-26,2018,10,26,https://genius.com/songs/4024405/apple_music_player
233255,Mi Casa,2013-09-04,2013,9,4,https://genius.com/songs/233255/apple_music_player
9931,Problems,,,,,https://genius.com/songs/9931/apple_music_player
100258,Kitchen Table,,,,,https://genius.com/songs/100258/apple_music_player
330909,He's Against Me,,,,,https://genius.com/songs/330909/apple_music_player
16629,Don't Beg,,,,,https://genius.com/songs/16629/apple_music_player
2410740,Troubled Times,,,,,https://genius.com/songs/2410740/apple_music_player
9941,Geez Like Deez,,,,,https://genius.com/songs/9941/apple_music_player
682781,Hero,,,,,https://genius.com/songs/682781/apple_music_player
4024395,Crown of Thorns,2018-09-20,2018,9,20,https://genius.com/songs/4024395/apple_music_player
2378355,Déjalo Estar,2015-09-25,2015,9,25,https://genius.com/songs/2378355/apple_music_player
7757,Rain,,,,,https://genius.com/songs/7757/apple_music_player
104364,Mother.May.I,,,,,https://genius.com/songs/104364/apple_music_player
343948,Executive Decisions,2014-01-20,2014,1,20,https://genius.com/songs/343948/apple_music_player
494776,Quit,2011-01-01,2011,1,1,https://genius.com/songs/494776/apple_music_player
13566,Selfish,,,,,https://genius.com/songs/13566/apple_music_player
151554,Henny Black,2012-08-30,2012,8,30,https://genius.com/songs/151554/apple_music_player
3330926,Get Enough,2017-10-17,2017,10,17,https://genius.com/songs/3330926/apple_music_player
152192,Atypical,2011-05-31,2011,5,31,https://genius.com/songs/152192/apple_music_player
3744162,11 Minutos,2018-05-25,2018,5,25,https://genius.com/songs/3744162/apple_music_player
44183,Soul Control,,,,,https://genius.com/songs/44183/apple_music_player
44182,Deadline Intro,,,,,https://genius.com/songs/44182/apple_music_player
4024425,Tainted,2018-10-19,2018,10,19,https://genius.com/songs/4024425/apple_music_player
2370129,2021,2015-11-12,2015,11,12,https://genius.com/songs/2370129/apple_music_player
270660,Digital Analog,2010-10-05,2010,10,5,https://genius.com/songs/270660/apple_music_player
4024411,Modern Family,2018-11-02,2018,11,2,https://genius.com/songs/4024411/apple_music_player
2817296,Lit,2016-07-07,2016,7,7,https://genius.com/songs/2817296/apple_music_player
44178,100%,,,,,https://genius.com/songs/44178/apple_music_player
330899,Romeo & Juliet,,,,,https://genius.com/songs/330899/apple_music_player
4032523,What'z Ya Phone # (Nu-Mixx),2007-08-14,2007,8,14,https://genius.com/songs/4032523/apple_music_player
3326289,Por ti muero,2016-09-16,2016,9,16,https://genius.com/songs/3326289/apple_music_player
4254021,Love Yourz (Live),2016-01-28,2016,1,28,https://genius.com/songs/4254021/apple_music_player
2969808,Oldtown 96,2017-01-27,2017,1,27,https://genius.com/songs/2969808/apple_music_player
474999,The Winner's Circle,2010-10-05,2010,10,5,https://genius.com/songs/474999/apple_music_player
194941,Working Against Me,,,,,https://genius.com/songs/194941/apple_music_player
4024417,Donno You,2018-11-02,2018,11,2,https://genius.com/songs/4024417/apple_music_player
2597747,Watch Out,,,,,https://genius.com/songs/2597747/apple_music_player
203789,High Powered,,,,,https://genius.com/songs/203789/apple_music_player
4024432,Wesside,2018-11-02,2018,11,2,https://genius.com/songs/4024432/apple_music_player
466045,Misfits,2014-07-01,2014,7,1,https://genius.com/songs/466045/apple_music_player
7754,If We Can't Build,,,,,https://genius.com/songs/7754/apple_music_player
2471912,Peace By Piece,2012-12-04,2012,12,4,https://genius.com/songs/2471912/apple_music_player
381327,Last Warning,2010-10-02,2010,10,2,https://genius.com/songs/381327/apple_music_player
2817303,Pali Kamma,2016-07-07,2016,7,7,https://genius.com/songs/2817303/apple_music_player
110973,The Wager,,,,,https://genius.com/songs/110973/apple_music_player
173443,Después de una Década,2012-10-30,2012,10,30,https://genius.com/songs/173443/apple_music_player
546705,Take the Grammy,,,,,https://genius.com/songs/546705/apple_music_player
4024434,New to New York,2018-11-02,2018,11,2,https://genius.com/songs/4024434/apple_music_player
180919,Lo Que Quieras Menos Eso,,,,,https://genius.com/songs/180919/apple_music_player
330900,Bitche$,,,,,https://genius.com/songs/330900/apple_music_player
3314489,Vacilar,2015-03-31,2015,3,31,https://genius.com/songs/3314489/apple_music_player
395258,Lord[e],,,,,https://genius.com/songs/395258/apple_music_player
3200127,Desperados (Remix),,,,,https://genius.com/songs/3200127/apple_music_player
2829631,Not a regular jam,,,,,https://genius.com/songs/2829631/apple_music_player
392093,He's Against Me (Intro),2014-05-04,2014,5,4,https://genius.com/songs/392093/apple_music_player
330907,Rolling Stone,,,,,https://genius.com/songs/330907/apple_music_player
2472495,Happy (Remix),2016-05-13,2016,5,13,https://genius.com/songs/2472495/apple_music_player
3784030,Black Privilege 4,2018-06-15,2018,6,15,https://genius.com/songs/3784030/apple_music_player
2817319,Who Will Save Us,2016-07-07,2016,7,7,https://genius.com/songs/2817319/apple_music_player
358335,Get In The Zone,,,,,https://genius.com/songs/358335/apple_music_player
465966,97SWEATERS,2014-07-01,2014,7,1,https://genius.com/songs/465966/apple_music_player
138044,Dear Michelle,,,,,https://genius.com/songs/138044/apple_music_player
9935,The Release,,,,,https://genius.com/songs/9935/apple_music_player
215257,Infinitely Never,,,,,https://genius.com/songs/215257/apple_music_player
2817300,Ringtone,2016-07-07,2016,7,7,https://genius.com/songs/2817300/apple_music_player
2442816,Vivo do Que Falo,2016-04-13,2016,4,13,https://genius.com/songs/2442816/apple_music_player
3080741,..TheCave..,2016-06-17,2016,6,17,https://genius.com/songs/3080741/apple_music_player
4024419,Life Got in the Way,2018-11-02,2018,11,2,https://genius.com/songs/4024419/apple_music_player
3806467,Restless,,,,,https://genius.com/songs/3806467/apple_music_player
536453,Like This (West Coast Remix),2014-10-07,2014,10,7,https://genius.com/songs/536453/apple_music_player
3229861,Xanny Marley AKA The Return Of Jojo Dancer,2016-11-21,2016,11,21,https://genius.com/songs/3229861/apple_music_player
344086,Dear Lord,2014-01-19,2014,1,19,https://genius.com/songs/344086/apple_music_player
338795,Rolling Stone,,,,,https://genius.com/songs/338795/apple_music_player
3029599,Destroy,2014-06-27,2014,6,27,https://genius.com/songs/3029599/apple_music_player
3619049,Same as Before (Ft. Jared Evan),2013-08-12,2013,8,12,https://genius.com/songs/3619049/apple_music_player
192796,SHINE,,,,,https://genius.com/songs/192796/apple_music_player
2817313,Disrespect Your Hustle,2016-07-07,2016,7,7,https://genius.com/songs/2817313/apple_music_player
3550303,No Time,2018-01-31,2018,1,31,https://genius.com/songs/3550303/apple_music_player
2817316,The Fire Inside,2016-07-07,2016,7,7,https://genius.com/songs/2817316/apple_music_player
652018,Rent Due (prod. !llmind),,,,,https://genius.com/songs/652018/apple_music_player
420536,Imperial State of Mind,2013-12-04,2013,12,4,https://genius.com/songs/420536/apple_music_player
358345,Way Beyond,,,,,https://genius.com/songs/358345/apple_music_player
3622633,Black Privilege 3,2018-04-02,2018,4,2,https://genius.com/songs/3622633/apple_music_player
113030,Never Felt High Til Now,,,,,https://genius.com/songs/113030/apple_music_player
4024421,Dirty Timbs,2018-11-02,2018,11,2,https://genius.com/songs/4024421/apple_music_player
2820696,Love Yourz (Remix),2016-07-14,2016,7,14,https://genius.com/songs/2820696/apple_music_player
2871853,Brooklyn Lights,2014-09-11,2014,9,11,https://genius.com/songs/2871853/apple_music_player
140335,King Of The Mountain,,,,,https://genius.com/songs/140335/apple_music_player
3606317,Who’s With You,2017-06-26,2017,6,26,https://genius.com/songs/3606317/apple_music_player
330912,Jokers,,,,,https://genius.com/songs/330912/apple_music_player
2277849,LAL (Leave a Legacy),,,,,https://genius.com/songs/2277849/apple_music_player
202087,He's against me,,,,,https://genius.com/songs/202087/apple_music_player
180932,Cuentagota,,,,,https://genius.com/songs/180932/apple_music_player
695543,Better Man,2007-01-01,2007,1,1,https://genius.com/songs/695543/apple_music_player
358317,Stop Me,,,,,https://genius.com/songs/358317/apple_music_player
2817305,Blow Your Comb Out,2016-07-07,2016,7,7,https://genius.com/songs/2817305/apple_music_player
217003,I For An I,,,,,https://genius.com/songs/217003/apple_music_player
3066365,Space Time,2017-04-25,2017,4,25,https://genius.com/songs/3066365/apple_music_player
725540,March 4th,,,,,https://genius.com/songs/725540/apple_music_player
371208,Before 16,,,,,https://genius.com/songs/371208/apple_music_player
358309,Infinite,,,,,https://genius.com/songs/358309/apple_music_player
2817310,They Don't Understand,2016-07-07,2016,7,7,https://genius.com/songs/2817310/apple_music_player
4024436,20 Bands,2018-11-02,2018,11,2,https://genius.com/songs/4024436/apple_music_player
330910,Rapture,,,,,https://genius.com/songs/330910/apple_music_player
423365,Till I Am,2014-05-07,2014,5,7,https://genius.com/songs/423365/apple_music_player
3066363,Beez Wax,2017-04-25,2017,4,25,https://genius.com/songs/3066363/apple_music_player
3074654,Got It All,2016-01-01,2016,1,1,https://genius.com/songs/3074654/apple_music_player
2470849,Alucinações,2016-05-10,2016,5,10,https://genius.com/songs/2470849/apple_music_player
375166,Happy (The Rose Tint Boomtrap Remix),,,,,https://genius.com/songs/375166/apple_music_player
3066359,Train Reck,2017-04-25,2017,4,25,https://genius.com/songs/3066359/apple_music_player
735111,Fuck You,2015-02-13,2015,2,13,https://genius.com/songs/735111/apple_music_player
3378000,Glasgow,,,,,https://genius.com/songs/3378000/apple_music_player
750024,The Jaded Outspoken Kid Evolving Rap,2015-04-15,2015,4,15,https://genius.com/songs/750024/apple_music_player
330903,Straight Ahead,,,,,https://genius.com/songs/330903/apple_music_player
113028,1der 2der,,,,,https://genius.com/songs/113028/apple_music_player
3066362,Corner Stone,2017-04-25,2017,4,25,https://genius.com/songs/3066362/apple_music_player
399907,Po Po Comin (freestyle),2014-04-11,2014,4,11,https://genius.com/songs/399907/apple_music_player
2786540,I'm down wit it,2014-01-01,2014,1,1,https://genius.com/songs/2786540/apple_music_player
3279791,Parle moi,2017-10-25,2017,10,25,https://genius.com/songs/3279791/apple_music_player
330913,Shine,,,,,https://genius.com/songs/330913/apple_music_player
698651,Contre moi,2015-02-05,2015,2,5,https://genius.com/songs/698651/apple_music_player
3608176,Walking On Water,2017-03-31,2017,3,31,https://genius.com/songs/3608176/apple_music_player
3200482,Woke.,2017-08-15,2017,8,15,https://genius.com/songs/3200482/apple_music_player
2408236,2,2016-01-09,2016,1,9,https://genius.com/songs/2408236/apple_music_player
525067,O,,,,,https://genius.com/songs/525067/apple_music_player
3608013,Water In My Wine Glass,2017-06-26,2017,6,26,https://genius.com/songs/3608013/apple_music_player
2406911,When Winter Comes,2016-01-13,2016,1,13,https://genius.com/songs/2406911/apple_music_player
2300242,Checkmate,2015-08-21,2015,8,21,https://genius.com/songs/2300242/apple_music_player
3066356,Lost Lovez,2017-04-25,2017,4,25,https://genius.com/songs/3066356/apple_music_player
3177479,For Whom This May Concern (Bonus),2017-07-07,2017,7,7,https://genius.com/songs/3177479/apple_music_player
2787023,Situaciones,2014-01-01,2014,1,1,https://genius.com/songs/2787023/apple_music_player
3031900,Post Mortem,2017-03-22,2017,3,22,https://genius.com/songs/3031900/apple_music_player
215928,This Is It,,,,,https://genius.com/songs/215928/apple_music_player
2786011,I am me,2014-01-01,2014,1,1,https://genius.com/songs/2786011/apple_music_player
4023567,Guilty Pleasures,2005-06-06,2005,6,6,https://genius.com/songs/4023567/apple_music_player
2343543,Rolling Stone,2015-10-30,2015,10,30,https://genius.com/songs/2343543/apple_music_player
113031,The Scene,2014-01-29,2014,1,29,https://genius.com/songs/113031/apple_music_player
2950857,Fangs,2016-11-28,2016,11,28,https://genius.com/songs/2950857/apple_music_player
2399859,Adio In The Lions Den,,,,,https://genius.com/songs/2399859/apple_music_player
213625,Whoa,,,,,https://genius.com/songs/213625/apple_music_player
4183815,Pretty Mami (Freestyle),2017-11-17,2017,11,17,https://genius.com/songs/4183815/apple_music_player
399906,Dont like me,2014-04-11,2014,4,11,https://genius.com/songs/399906/apple_music_player
337462,Bitche$,2014-01-08,2014,1,8,https://genius.com/songs/337462/apple_music_player
437000,519 Freestyle,,,,,https://genius.com/songs/437000/apple_music_player
332562,AK-47,2011-04-20,2011,4,20,https://genius.com/songs/332562/apple_music_player
181188,AMAZING,,,,,https://genius.com/songs/181188/apple_music_player
2214050,Cheers,,,,,https://genius.com/songs/2214050/apple_music_player
4212644,44 more,,,,,https://genius.com/songs/4212644/apple_music_player
4215167,Thank You,2019-01-07,2019,1,7,https://genius.com/songs/4215167/apple_music_player
384229,NiGG@$,2014-03-18,2014,3,18,https://genius.com/songs/384229/apple_music_player
51000,Lost Ones,2011-09-27,2011,9,27,https://genius.com/songs/51000/apple_music_player
54089,Martians vs. Goblins,2011-08-19,2011,8,19,https://genius.com/songs/54089/apple_music_player
2290817,Apple Pie,2015-09-04,2015,9,4,https://genius.com/songs/2290817/apple_music_player
55891,Rise and Shine,2011-09-27,2011,9,27,https://genius.com/songs/55891/apple_music_player
224359,Hold Up,2013-09-17,2013,9,17,https://genius.com/songs/224359/apple_music_player
69877,As I Am,2011-09-19,2011,9,19,https://genius.com/songs/69877/apple_music_player
2623992,Close to You,2016-06-20,2016,6,20,https://genius.com/songs/2623992/apple_music_player
86695,Put Em Up,2012-09-25,2012,9,25,https://genius.com/songs/86695/apple_music_player
1102,Go to Sleep,2012-07-02,2012,7,2,https://genius.com/songs/1102/apple_music_player
86700,Hood Now (Outro),2012-09-25,2012,9,25,https://genius.com/songs/86700/apple_music_player
2862226,We Could Be Free,2017-07-28,2017,7,28,https://genius.com/songs/2862226/apple_music_player
70012,Love This Life,2012-12-18,2012,12,18,https://genius.com/songs/70012/apple_music_player
2862212,Rollin' Like a Stoner,2017-06-08,2017,6,8,https://genius.com/songs/2862212/apple_music_player
720797,Beast Mode,2015-03-31,2015,3,31,https://genius.com/songs/720797/apple_music_player
2486871,I Got A Question,2016-06-14,2016,6,14,https://genius.com/songs/2486871/apple_music_player
44989,Dope Boys,2008-06-24,2008,6,24,https://genius.com/songs/44989/apple_music_player
336341,I Don't Care,2014-01-07,2014,1,7,https://genius.com/songs/336341/apple_music_player
3106705,Same Shit,2017-12-13,2017,12,13,https://genius.com/songs/3106705/apple_music_player
83024,Atomic Misphilosophy,2015-03-12,2015,3,12,https://genius.com/songs/83024/apple_music_player
54100,Hello,2011-08-19,2011,8,19,https://genius.com/songs/54100/apple_music_player
2486906,She Wish She Was,2016-06-14,2016,6,14,https://genius.com/songs/2486906/apple_music_player
2844443,All Falls Down,2016-08-25,2016,8,25,https://genius.com/songs/2844443/apple_music_player
85768,I'm From Texas,2012-08-29,2012,8,29,https://genius.com/songs/85768/apple_music_player
191367,Blessings,2013-10-08,2013,10,8,https://genius.com/songs/191367/apple_music_player
659767,Overtime,2014-12-31,2014,12,31,https://genius.com/songs/659767/apple_music_player
3155970,Memories on 47th St.,2017-07-28,2017,7,28,https://genius.com/songs/3155970/apple_music_player
3292,I'm The King,2011-01-10,2011,1,10,https://genius.com/songs/3292/apple_music_player
107161,The Way We Ride,2012-12-18,2012,12,18,https://genius.com/songs/107161/apple_music_player
3911,White Soft Porn,2011-01-31,2011,1,31,https://genius.com/songs/3911/apple_music_player
3155972,Gorgeous,2017-07-28,2017,7,28,https://genius.com/songs/3155972/apple_music_player
112933,These Days,,,,,https://genius.com/songs/112933/apple_music_player
2083,G.R.I.N.D,2010-07-26,2010,7,26,https://genius.com/songs/2083/apple_music_player
239258,Come Over,2013-10-08,2013,10,8,https://genius.com/songs/239258/apple_music_player
606944,50 Niggaz,2014-12-04,2014,12,4,https://genius.com/songs/606944/apple_music_player
2688514,Don’t Know Me,2016-07-15,2016,7,15,https://genius.com/songs/2688514/apple_music_player
1790627,Stay Loyal,2014-12-31,2014,12,31,https://genius.com/songs/1790627/apple_music_player
87817,Napalm,2012-10-05,2012,10,5,https://genius.com/songs/87817/apple_music_player
2482714,Status Symbol 2,2016-05-30,2016,5,30,https://genius.com/songs/2482714/apple_music_player
205933,Change Nothing,2013-10-08,2013,10,8,https://genius.com/songs/205933/apple_music_player
111773,Take My Life,,,,,https://genius.com/songs/111773/apple_music_player
63991,Dope Shit,,,,,https://genius.com/songs/63991/apple_music_player
5053,Bulletproof Diaries,2008-08-26,2008,8,26,https://genius.com/songs/5053/apple_music_player
45001,Touchdown,2008-08-26,2008,8,26,https://genius.com/songs/45001/apple_music_player
2688513,Afford My Love,2016-07-15,2016,7,15,https://genius.com/songs/2688513/apple_music_player
111695,My Vision,,,,,https://genius.com/songs/111695/apple_music_player
136740,Dope Shit,2013-01-01,2013,1,1,https://genius.com/songs/136740/apple_music_player
3387733,Been Down,2017-12-22,2017,12,22,https://genius.com/songs/3387733/apple_music_player
660211,Real Nigga Moves,2014-12-31,2014,12,31,https://genius.com/songs/660211/apple_music_player
57795,Feelin' Myself,2010-08-12,2010,8,12,https://genius.com/songs/57795/apple_music_player
50089,I'm The King (Remix),2011-01-01,2011,1,1,https://genius.com/songs/50089/apple_music_player
2936011,Girl,,,,,https://genius.com/songs/2936011/apple_music_player
2258328,Killer (feat. Drake),,,,,https://genius.com/songs/2258328/apple_music_player
51248,I'm On,2011-07-29,2011,7,29,https://genius.com/songs/51248/apple_music_player
148493,Martians Vs. Kali,,,,,https://genius.com/songs/148493/apple_music_player
43141,Which One of You,2006-11-21,2006,11,21,https://genius.com/songs/43141/apple_music_player
290226,God Forgive Us,2013-12-05,2013,12,5,https://genius.com/songs/290226/apple_music_player
2713258,RD20,2016-06-25,2016,6,25,https://genius.com/songs/2713258/apple_music_player
40615,Flow Boy,2008-09-20,2008,9,20,https://genius.com/songs/40615/apple_music_player
145335,I'm From Texas FAKE,2012-08-29,2012,8,29,https://genius.com/songs/145335/apple_music_player
86130,Dead,2011-01-24,2011,1,24,https://genius.com/songs/86130/apple_music_player
188536,Send Me A Picture,2012-11-23,2012,11,23,https://genius.com/songs/188536/apple_music_player
270126,Sneakerhead,2013-11-18,2013,11,18,https://genius.com/songs/270126/apple_music_player
49672,Broadcasting Live,,,,,https://genius.com/songs/49672/apple_music_player
4162563,Limited Supply,2018-10-26,2018,10,26,https://genius.com/songs/4162563/apple_music_player
135602,Why,,,,,https://genius.com/songs/135602/apple_music_player
382309,Full Of That Shit,2014-02-27,2014,2,27,https://genius.com/songs/382309/apple_music_player
214043,Change Nothing - 214043,,,,,https://genius.com/songs/214043/apple_music_player
2176426,Talk My Shit,2012-08-30,2012,8,30,https://genius.com/songs/2176426/apple_music_player
281471,Just Another Day,,,,,https://genius.com/songs/281471/apple_music_player
3283345,Backstage,2017-10-20,2017,10,20,https://genius.com/songs/3283345/apple_music_player
182873,The Greatest,,,,,https://genius.com/songs/182873/apple_music_player
1046266,Gangsta Love,,,,,https://genius.com/songs/1046266/apple_music_player
22398,My Love Is All I Have,2008-12-16,2008,12,16,https://genius.com/songs/22398/apple_music_player
16526,Don't Sweat It,2006-06-27,2006,6,27,https://genius.com/songs/16526/apple_music_player
22402,Private Dancer,,,,,https://genius.com/songs/22402/apple_music_player
2882901,Untitled Snippet,2016-11-14,2016,11,14,https://genius.com/songs/2882901/apple_music_player
2887908,Untitled Snippets 3,,,,,https://genius.com/songs/2887908/apple_music_player
1822628,Intro (MDMA),,2011,None,None,https://genius.com/songs/1822628/apple_music_player
1843540,Throw It Like It's Free,2012-10-09,2012,10,9,https://genius.com/songs/1843540/apple_music_player
2967056,Beast Mode,2017-01-14,2017,1,14,https://genius.com/songs/2967056/apple_music_player
2930129,Love this Life Freestyle,2013-09-08,2013,9,8,https://genius.com/songs/2930129/apple_music_player
2278238,Martians Vs. Goblins (Remix),,,,,https://genius.com/songs/2278238/apple_music_player
3454387,Till There's None Left,2018-01-19,2018,1,19,https://genius.com/songs/3454387/apple_music_player
240737,Furniture,2012-11-01,2012,11,1,https://genius.com/songs/240737/apple_music_player
3454388,I'm Ready,2018-01-19,2018,1,19,https://genius.com/songs/3454388/apple_music_player
2939319,Holer holer holer,2016-12-23,2016,12,23,https://genius.com/songs/2939319/apple_music_player
141120,G.R.I.N.D.,,,,,https://genius.com/songs/141120/apple_music_player
4241739,Check Yo Self (Snoop Dogg G-Mix),2010-02-23,2010,2,23,https://genius.com/songs/4241739/apple_music_player
